Location,Name,Frequency,Duplex,Offset,Tone,rToneFreq,cToneFreq,DtcsCode,DtcsPolarity,RxDtcsCode,CrossMode,Mode,TStep,Skip,Power,Comment,URCALL,RPT1CALL,RPT2CALL,DVCODE
1,APRS,144.390000,,0.00000,,,,023,NN,023,Tone->Tone,FM,5.0,,4.0W,"",,,,
2,KL,145.000000,,0.60000,,88.5,88.5,023,NN,023,Tone->Tone,FM,10.0,,5.0W,"",,,,
3,9M2RKL,439.600000,-,5.00000,Tone,203.5,88.5,023,NN,023,Tone->Tone,FM,5.0,,4.0W,"9M2RKL near BUKIT LANJAN, None OPEN",,,,
4,9M2RKL-L1,439.850000,-,5.00000,Tone,203.5,88.5,023,NN,023,Tone->Tone,FM,5.0,,4.0W,"9M2RKL-L1 near BUKIT LANJAN, None OPEN",,,,
5,9M2RKL-DMR,439.150000,-,5.00000,,88.5,88.5,023,NN,023,Tone->Tone,DMR,5.0,,4.0W,"9M2RKL-DMR near BUKIT LANJAN, None OPEN Connected to Brandmiester Network for now.",,,,
6,9M4RZS,147.650000,-,0.60000,Tone,233.6,88.5,023,NN,023,Tone->Tone,FM,5.0,,4.0W,"9M4RZS near BUKIT PERMAI, None OPEN",,,,
7,9M2RKK,147.980000,-,0.60000,Tone,203.5,88.5,023,NN,023,Tone->Tone,FM,5.0,,4.0W,"9M2RKK near BUKIT LANJAN, None OPEN",,,,
8,9M2RUK,146.987500,-,0.60000,Tone,203.5,88.5,023,NN,023,Tone->Tone,FM,12.5,,4.0W,"9M2RUK near GUNUNG ULU KALI, None OPEN",,,,
9,9M4RLG,147.900000,-,0.60000,Tone,203.5,88.5,023,NN,023,Tone->Tone,FM,5.0,,4.0W,"9M4RLG near GUNUNG ULU KALI, None OPEN MARTS Linking",,,,
10,9M4RBC,147.750000,-,0.60000,Tone,85.4,88.5,023,NN,023,Tone->Tone,FM,5.0,,4.0W,"9M4RBC near GUNUNG ULU KALI, None OPEN ASTRA Local",,,,
11,9M4RES,147.775000,-,0.60000,Tone,123.0,88.5,023,NN,023,Tone->Tone,FM,5.0,,4.0W,"9M4RES near GUNUNG ULU KALI, None OPEN",,,,
12,9M4RGH,145.675000,+,0.60000,Tone,103.5,88.5,023,NN,023,Tone->Tone,FM,5.0,,4.0W,"9M4RGH near GENTING HIGHLAND, None OPEN ASTRA Transnasional",,,,
13,PHG,145.000000,,0.60000,,88.5,88.5,023,NN,023,Tone->Tone,FM,10.0,,5.0W,"",,,,
14,9M4RCH,146.987500,-,0.60000,Tone,203.5,88.5,023,NN,023,Tone->Tone,FM,12.5,,4.0W,"9M4RCH near BUKIT BRINCHANG, None OPEN",,,,
15,9M4RLS,146.900000,-,0.60000,Tone,203.5,88.5,023,NN,023,Tone->Tone,FM,5.0,,4.0W,"9M4RLS near BUKIT SULAI, None OPEN MARTS Linking",,,,
16,9M4RHS,145.637500,-,0.60000,Tone,206.5,88.5,023,NN,023,Tone->Tone,FM,12.5,,4.0W,"9M4RHS near GUNUNG ULU KALI, None OPEN",,,,
17,9M4RCA,147.000000,+,0.60000,Tone,118.8,88.5,023,NN,023,Tone->Tone,FM,5.0,,4.0W,"9M4RCA near BUKIT BRINCHANG, None OPEN",,,,
18,9M4RCZ,146.850000,-,0.60000,Tone,118.8,88.5,023,NN,023,Tone->Tone,FM,5.0,,4.0W,"9M4RCZ near BUKIT BIUS - KUALA LIPIS, None OPEN",,,,
19,9M4RCD,146.700000,-,0.60000,Tone,118.8,88.5,023,NN,023,Tone->Tone,FM,5.0,,4.0W,"9M4RCD near KUANTAN - BUKIT PELINDUNG, None OPEN",,,,
20,9M4RBI,147.800000,-,0.60000,Tone,118.8,88.5,023,NN,023,Tone->Tone,FM,5.0,,4.0W,"9M4RBI near BUKIT IBAM, None OPEN",,,,
21,9M4RCC,145.600000,-,0.60000,Tone,118.8,88.5,023,NN,023,Tone->Tone,FM,5.0,,4.0W,"9M4RCC near BUKIT FRASER, None OPEN",,,,
22,9M4RCE,146.100000,+,0.60000,Tone,118.8,88.5,023,NN,023,Tone->Tone,FM,5.0,,4.0W,"9M4RCE near BUKIT SULAI, None OPEN",,,,
23,9M4RCY,145.712500,-,0.60000,Tone,118.8,88.5,023,NN,023,Tone->Tone,FM,12.5,,4.0W,"9M4RCY near TEMERLOH, None OPEN",,,,
24,9M4RGB,147.925000,-,0.60000,Tone,103.5,88.5,023,NN,023,Tone->Tone,FM,5.0,,4.0W,"9M4RGB near GUNUNG BERINCANG, None OPEN",,,,
25,9M4RPS,434.875000,+,5.00000,Tone,203.5,88.5,023,NN,023,Tone->Tone,FM,5.0,,4.0W,"9M4RPS near Bentong - Kayangan Hill, None OPEN",,,,
26,9M4RAA,147.637500,-,0.60000,Tone,103.5,88.5,023,NN,023,Tone->Tone,FM,12.5,,4.0W,"9M4RAA near Bukit Telemung, Karak, Pahang, None OPEN",,,,
27,N9,145.000000,,0.60000,,88.5,88.5,023,NN,023,Tone->Tone,FM,10.0,,5.0W,"",,,,
28,9M4RTB,146.675000,-,0.60000,Tone,203.5,88.5,023,NN,023,Tone->Tone,FM,5.0,,4.0W,"9M4RTB near GUNUNG TELAPAK BURUK, None OPEN",,,,
29,9M4RNS,145.375000,-,0.60000,Tone,233.6,88.5,023,NN,023,Tone->Tone,FM,5.0,,4.0W,"9M4RNS near GUNUNG TELAPAK BURUK, None OPEN",,,,
30,PENANG,145.000000,,0.60000,,88.5,88.5,023,NN,023,Tone->Tone,FM,10.0,,5.0W,"",,,,5.424
31,9M4RXC,439.475000,-,5.00000,TSQL,88.5,88.5,023,NN,023,Tone->Tone,DMR,5.0,,4.0W,"9M4RXC near Bandar Baharu - Bukit Panchor, None OPEN",,,,
32,9M4RXC-DMR,439.475000,-,5.00000,,88.5,88.5,023,NN,023,Tone->Tone,DMR,5.0,,4.0W,"9M4RXC near Bandar Baharu, None OPEN",,,,
33,9M2RBB,147.950000,-,0.60000,Tone,203.5,88.5,023,NN,023,Tone->Tone,FM,5.0,,4.0W,"9M2RBB near BUKIT BENDERA, None OPEN",,,,
34,9M2RBB-DMR,147.950000,-,0.60000,,203.5,203.5,023,NN,023,Tone->Tone,DMR,5.0,,4.0W,"9M2RBB near BUKIT BENDERA, None OPEN",,,,
35,9M4RBB,145.737500,-,0.65000,Tone,103.5,88.5,023,NN,023,Tone->Tone,FM,12.5,,4.0W,"9M4RBB near Penang Hill, None OPEN",,,,
36,9M4RPH,147.825000,-,0.60000,Tone,203.5,88.5,023,NN,023,Tone->Tone,FM,5.0,,4.0W,"9M4RPH near Penang Hill, None OPEN",,,,
37,9M4RMM,439.500000,-,5.00000,TSQL,203.5,203.5,023,NN,023,Tone->Tone,FM,5.0,,4.0W,"",,,,
38,9M4RMM-DMR,439.500000,-,5.00000,,203.5,203.5,023,NN,023,Tone->Tone,DMR,5.0,,4.0W,"",,,,
39,9M4RPP,439.525000,-,5.00000,Tone,203.5,88.5,023,NN,023,Tone->Tone,FM,5.0,,4.0W,"9M4RPP near BUKIT BENDERA, None OPEN",,,,
40,MLK,145.000000,,0.60000,,88.5,88.5,023,NN,023,Tone->Tone,FM,10.0,,5.0W,"",,,,2.200
41,9M4RML,439.440000,-,5.00000,Tone,127.3,88.5,023,NN,023,Tone->Tone,FM,5.0,,4.0W,"9M4RML near BUKIT BERUANG, None OPEN",,,,
42,9M4RLM,147.600000,-,0.60000,Tone,203.5,88.5,023,NN,023,Tone->Tone,FM,5.0,,4.0W,"9M4RLM near GUNUNG LEDANG, None OPEN",,,,
43,9M2RGL,145.600000,-,0.60000,Tone,203.5,88.5,023,NN,023,Tone->Tone,FM,5.0,,4.0W,"9M2RGL near GUNUNG LEDANG, None OPEN",,,,
44,9M4RHE,146.800000,-,0.60000,Tone,203.5,88.5,023,NN,023,Tone->Tone,FM,5.0,,4.0W,"9M4RHE near MELAKA - EQUATORIAL HOTEL, None OPEN",,,,
45,9M4RMU,439.825000,-,5.00000,TSQL,203.5,203.5,023,NN,023,Tone->Tone,FM,5.0,,4.0W,"9M4RMU near MELAKA - EQUATORIAL HOTEL, None OPEN",,,,
46,9M4RGL,147.987500,-,0.60000,Tone,103.5,88.5,023,NN,023,Tone->Tone,FM,12.5,,4.0W,"9M4RGL near GUNUNG LEDANG, None OPEN ASTRA Transnasional",,,,
47,JHR,145.000000,,0.60000,,88.5,88.5,023,NN,023,Tone->Tone,FM,10.0,,5.0W,"",,,,1.493
48,9M4RMR,146.925000,-,0.60000,Tone,203.5,88.5,023,NN,023,Tone->Tone,FM,5.0,,4.0W,"9M4RMR near MUAR, None OPEN",,,,
49,9M4RPL,146.650000,-,0.60000,Tone,127.3,88.5,023,NN,023,Tone->Tone,FM,5.0,,4.0W,"9M4RPL near GUNUNG PULAI, None OPEN",,,,
50,9M4RJM,146.900000,-,0.60000,Tone,127.3,88.5,023,NN,023,Tone->Tone,FM,5.0,,4.0W,"9M4RJM near GUNUNG TIONG, None OPEN",,,,
51,9M4RLD,147.700000,-,0.60000,Tone,127.3,88.5,023,NN,023,Tone->Tone,FM,5.0,,4.0W,"9M4RLD near GUNUNG LEDANG, None OPEN",,,,
52,9M4RJB,145.775000,-,0.60000,Tone,127.3,88.5,023,NN,023,Tone->Tone,FM,5.0,,4.0W,"9M4RJB near JOHOR BAHRU, None OPEN",,,,
53,9M2RGP,147.825000,-,0.60000,Tone,203.5,88.5,023,NN,023,Tone->Tone,FM,5.0,,4.0W,"9M2RGP near GUNUNG PULAI, None OPEN",,,,
54,9M4RJN,145.700000,-,0.60000,Tone,127.3,88.5,023,NN,023,Tone->Tone,FM,5.0,,4.0W,"9M4RJN near GUNUNG BANANG, None OPEN",,,,
55,9M4RAM,147.862500,-,0.60000,Tone,103.5,88.5,023,NN,023,Tone->Tone,FM,12.5,,4.0W,"9M4RAM near BUKIT SELANTAI, None OPEN ASTRA Transnasional",,,,
56,KDH,145.000000,,0.60000,,88.5,88.5,023,NN,023,Tone->Tone,FM,10.0,,5.0W,"",,,,6.120
57,9M4RXA,439.675000,-,5.00000,TSQL,88.5,88.5,023,NN,023,Tone->Tone,FM,5.0,,4.0W,"9M4RXA near Sedim - Gunung Bintang, None OPEN",,,,
58,9M4RJR-C4FM,147.700000,-,0.60000,Tone,203.5,88.5,023,NN,023,Tone->Tone,FM,5.0,,4.0W,"9M4RJR-C4FM near GUNUNG JERAI, None OPEN",,,,
59,9M4RKG,145.525000,-,0.60000,Tone,100.0,88.5,023,NN,023,Tone->Tone,FM,12.5,,4.0W,"9M4RKG near GUNUNG KERIANG, None OPEN",,,,
60,9M4RBD,146.625000,-,0.60000,Tone,103.5,88.5,023,NN,023,Tone->Tone,FM,5.0,,4.0W,"9M4RBD near BUKIT DEDAP, None OPEN",,,,
61,9M4RLJ,147.612500,-,0.60000,Tone,85.4,88.5,023,NN,023,Tone->Tone,FM,12.5,,4.0W,"9M4RLJ near GUNUNG JERAI, None OPEN",,,,
62,9M4RGJ,147.675000,-,0.60000,Tone,103.5,88.5,023,NN,023,Tone->Tone,FM,5.0,,4.0W,"9M4RGJ near GUNUNG JERAI, None OPEN",,,,
63,9M4RGR,145.612500,-,0.60000,Tone,103.5,88.5,023,NN,023,Tone->Tone,FM,12.5,,4.0W,"9M4RGR near GUNUNG RAYA, None OPEN ASTRA Transnasional",,,,
64,9M4RJR,145.662500,-,0.60000,Tone,203.5,88.5,023,NN,023,Tone->Tone,FM,12.5,,4.0W,"9M4RJR near GUNUNG JERAI, None OPEN",,,,
65,PRK,145.000000,,0.60000,,88.5,88.5,023,NN,023,Tone->Tone,FM,10.0,,5.0W,"",,,,4.597
66,9M4RAG,147.800000,-,0.60000,Tone,103.5,88.5,023,NN,023,Tone->Tone,FM,5.0,,4.0W,"9M4RAG near Grik, Perak, None OPEN",,,,
67,9M4RXB,439.575000,-,5.00000,TSQL,88.5,88.5,023,NN,023,Tone->Tone,FM,5.0,,4.0W,"9M4RXB near Taiping - Bukit Larut, None OPEN",,,,
68,9M4RVB,146.812500,-,0.50000,Tone,103.5,88.5,023,NN,023,Tone->Tone,FM,12.5,,4.0W,"9M4RVB near LEBUHRAYA TIMUR BARAT, None OPEN",,,,
69,9M4RSP,146.812500,-,0.60000,Tone,103.5,88.5,023,NN,023,Tone->Tone,FM,12.5,,4.0W,"9M4RSP near LENGGONG, None OPEN",,,,
70,9M4RTH,147.862500,-,0.60000,Tone,103.5,88.5,023,NN,023,Tone->Tone,FM,12.5,,4.0W,"9M4RTH near TAPAH, None OPEN",,,,
71,9M4RBK,147.612500,-,0.60000,Tone,103.5,88.5,023,NN,023,Tone->Tone,FM,12.5,,4.0W,"9M4RBK near BUKIT KLEDANG, None OPEN",,,,
72,9M4RUB,144.725000,-,0.60000,Tone,85.4,88.5,023,NN,023,Tone->Tone,FM,5.0,,4.0W,"9M4RUB near SETIAWAN, None OPEN",,,,
73,9M4RLT,146.612500,-,0.60000,Tone,203.5,88.5,023,NN,023,Tone->Tone,FM,12.5,,4.0W,"9M4RLT near BUKIT LARUT - BUKIT LARUT, None OPEN",,,,
74,9M4RLT-L,146.850000,-,0.60000,Tone,203.5,88.5,023,NN,023,Tone->Tone,FM,5.0,,4.0W,"9M4RLT-L near BUKIT LARUT - BUKIT LARUT, None OPEN",,,,
75,9M4RSK,146.987500,-,0.60000,,88.5,88.5,023,NN,023,Tone->Tone,FM,12.5,,4.0W,"9M4RSK near SUNGAI KEJAR, ROYAL BELUM, PERAK, None OPEN",,,,
76,9M4RRB,147.912500,-,0.60000,Tone,203.5,88.5,023,NN,023,Tone->Tone,FM,12.5,,4.0W,"9M4RRB near PANDANGAN INDAH, None OPEN",,,,
77,9M4RTS,146.825000,-,0.60000,Tone,85.4,88.5,023,NN,023,Tone->Tone,FM,12.5,,4.0W,"9M4RTS near BUKIT SULAI, None OPEN",,,,
78,9M4RPI,147.987500,-,0.60000,Tone,103.5,88.5,023,NN,023,Tone->Tone,FM,12.5,,4.0W,"9M4RPI near PANDANGAN INDAH, None OPEN ASTRA Transnasional",,,,
79,9M4RBL,147.925000,-,0.60000,Tone,103.5,88.5,023,NN,023,Tone->Tone,FM,5.0,,4.0W,"9M4RBL near BUKIT LARUT, None OPEN ASTRA Transnasional",,,,
80,9M2RGP-L,145.725000,-,0.60000,Tone,203.5,88.5,023,NN,023,Tone->Tone,FM,5.0,,4.0W,"9M2RGP-L near GUNUNG PULAI, None OPEN",,,,
81,9M4RGP,145.737500,-,0.60000,Tone,103.5,88.5,023,NN,023,Tone->Tone,FM,12.5,,4.0W,"9M4RGP near GUNUNG PULAI, None OPEN ASTRA Transnasional",,,,
82,9M2RKV,145.787500,-,0.60000,Tone,203.5,88.5,023,NN,023,Tone->Tone,FM,12.5,,4.0W,"9M2RKV near BUKIT KLEDANG, None OPEN",,,,
83,9M2RKV-L,146.925000,-,0.60000,Tone,203.5,88.5,023,NN,023,Tone->Tone,FM,5.0,,4.0W,"9M2RKV-L near BUKIT KLEDANG, None OPEN",,,,
84,9M4RIC,439.787500,-,5.00000,Tone,203.5,88.5,023,NN,023,Tone->Tone,FM,12.5,,4.0W,"9M4RIC near BUKIT KLEDANG, None OPEN",,,,
85,PRS,145.000000,,0.60000,,88.5,88.5,023,NN,023,Tone->Tone,FM,10.0,,5.0W,"",,,,6.443
86,9M2RMK,147.980000,-,0.60000,Tone,203.5,88.5,023,NN,023,Tone->Tone,FM,5.0,,4.0W,"9M2RMK near KANGAR, None OPEN",,,,
87,9M4RHP,147.800000,-,0.60000,Tone,103.5,88.5,023,NN,023,Tone->Tone,FM,5.0,,4.0W,"9M4RHP near Bukit Tunjung, Beseri, Perlis, None OPEN",,,,
88,TGN,145.000000,,0.60000,,88.5,88.5,023,NN,023,Tone->Tone,FM,10.0,,5.0W,"",,,,5.312
89,9M4RBJ,147.800000,-,0.60000,Tone,123.0,88.5,023,NN,023,Tone->Tone,FM,5.0,,4.0W,"9M4RBJ near Marang, None OPEN",,,,
90,9M4RAC,146.675000,-,0.60000,Tone,85.4,88.5,023,NN,023,Tone->Tone,FM,5.0,,4.0W,"9M4RAC near Besut, None OPEN",,,,
91,9M4RBF,145.787500,-,0.60000,Tone,123.0,88.5,023,NN,023,Tone->Tone,FM,12.5,,4.0W,"9M4RBF near Kijal - Bukit Kemuning, None OPEN",,,,
92,9M4RST,147.737500,-,0.60000,Tone,103.5,88.5,023,NN,023,Tone->Tone,FM,12.5,,4.0W,"9M4RST near GUNUNG TEBU, None OPEN ASTRA Transnasional",,,,
93,9M4RAS,145.925000,-,0.60000,Tone,103.5,88.5,023,NN,023,Tone->Tone,FM,5.0,,4.0W,"9M4RAS near BUKIT GELIGA, None OPEN ASTRA Transnasional",,,,
94,KLT,145.000000,,0.60000,,88.5,88.5,023,NN,023,Tone->Tone,FM,10.0,,5.0W,"",,,,6.133
95,9M4RVA,145.675000,-,0.60000,Tone,103.5,88.5,023,NN,023,Tone->Tone,FM,5.0,,4.0W,"9M4RVA near Kota Bharu, None OPEN",,,,
96,9M4RGT,147.650000,-,0.60000,Tone,67.0,88.5,023,NN,023,Tone->Tone,FM,5.0,,4.0W,"9M4RGT near Tumpat, None OPEN",,,,
97,9M4RDD,146.637500,-,0.60000,Tone,186.2,88.5,023,NN,023,Tone->Tone,FM,12.5,,4.0W,"9M4RDD near Pasir Mas, None OPEN",,,,
98,9M4RBP,146.700000,-,0.60000,Tone,85.4,88.5,023,NN,023,Tone->Tone,FM,5.0,,4.0W,"9M4RBP near Tanah Merah, None OPEN",,,,
99,9M4RTM,146.850000,-,0.60000,Tone,167.9,88.5,023,NN,023,Tone->Tone,FM,5.0,,4.0W,"9M4RTM near Tanah Merah, None OPEN",,,,
100,9M4RAB,147.712500,-,0.60000,Tone,233.6,88.5,023,NN,023,Tone->Tone,FM,12.5,,4.0W,"9M4RAB near Bachok, None OPEN",,,,
101,9M4RKH,146.612500,-,0.60000,Tone,203.5,88.5,023,NN,023,Tone->Tone,FM,12.5,,4.0W,"9M4RKH near BUKIT BAKAR, None OPEN",,,,
102,9M4RDF,146.812500,-,0.60000,Tone,103.5,88.5,023,NN,023,Tone->Tone,FM,12.5,,4.0W,"9M4RDF near GUA MUSANG, None OPEN ASTRA Transnasional",,,,
103,SBH,145.000000,,0.60000,,88.5,88.5,023,NN,023,Tone->Tone,FM,10.0,,5.0W,"",,,,5.980
104,9M4RBZ,145.087500,+,0.60000,Tone,203.5,88.5,023,NN,023,Tone->Tone,FM,12.5,,4.0W,"9M4RBZ near Sipitang, Sabah, None OPEN",,,,
105,9M4CTR,147.650000,-,0.60000,Tone,67.0,88.5,023,NN,023,Tone->Tone,FM,5.0,,4.0W,"9M4CTR near TUARAN, None OPEN",,,,
106,9M4RSW,145.712500,-,0.60000,,88.5,88.5,023,NN,023,Tone->Tone,FM,12.5,,4.0W,"9M4RSW near KOTA KINABALU, None OPEN",,,,
107,9M4RLX,144.225000,+,0.60000,,88.5,88.5,023,NN,023,Tone->Tone,FM,5.0,,4.0W,"9M4RLX near KOTA MARUDU, None OPEN",,,,
108,9M4RBW,146.312500,+,0.60000,Tone,203.5,88.5,023,NN,023,Tone->Tone,FM,12.5,,4.0W,"9M4RBW near BUKIT ANDRASY, None OPEN",,,,
109,9M4RTY,147.237500,+,0.60000,Tone,203.5,88.5,023,NN,023,Tone->Tone,FM,12.5,,4.0W,"9M4RTY near TRIG HILL, SANDAKAN, None OPEN",,,,
110,9M4RLB,147.750000,-,0.60000,Tone,203.5,88.5,023,NN,023,Tone->Tone,FM,5.0,,4.0W,"9M4RLB near GUNUNG KINABALU, None OPEN",,,,
111,9M4RSB,439.150000,-,5.00000,TSQL,203.5,203.5,023,NN,023,Tone->Tone,FM,5.0,,4.0W,"9M4RSB near Kota Kinabalu - Bukit Lawa Mandau, None OPEN MARTS Repeater Linking Network",,,,
112,9M4BHR,147.850000,-,0.60000,,88.5,88.5,023,NN,023,Tone->Tone,FM,5.0,,4.0W,"9M4BHR near BORNEO HIGHLANDS, None OPEN",,,,
113,9M4RGK,439.850000,-,5.00000,TSQL,203.5,203.5,023,NN,023,Tone->Tone,FM,5.0,,4.0W,"9M4RGK near Ranau - Gunung Kinabalu, None OPEN MARTS Repeater Linking Network",,,,
114,SRK,145.000000,,0.60000,,88.5,88.5,023,NN,023,Tone->Tone,FM,10.0,,5.0W,"",,,,1.553
115,9M4RHW,147.100000,+,0.60000,,88.5,88.5,023,NN,023,Tone->Tone,FM,5.0,,4.0W,"9M4RHW near THE GRAND OLD LADY, MIRI, None OPEN",,,,
116,9M4RTL,147.950000,-,0.60000,,88.5,88.5,023,NN,023,Tone->Tone,FM,5.0,,4.0W,"9M4RTL near TG LOBANG, MIRI, None OPEN",,,,
117,9M4RGA,147.800000,-,0.60000,,88.5,88.5,023,NN,023,Tone->Tone,FM,5.0,,4.0W,"9M4RGA near GUNUNG AMPUNGAN, SERIAN, None OPEN",,,,
118,9M4REW,439.850000,-,5.00000,Tone,203.5,88.5,023,NN,023,Tone->Tone,FM,5.0,,4.0W,"9M4REW near KUCHING - GRAND MARGHERITA HOTEL, None OPEN",,,,
119,9M4RPG,145.775000,-,0.60000,,88.5,88.5,023,NN,023,Tone->Tone,FM,5.0,,4.0W,"9M4RPG near PENAMPANG, None OPEN",,,,
120,9M4RKR,146.025000,+,0.60000,Tone,118.8,88.5,023,NN,023,Tone->Tone,FM,5.0,,4.0W,"9M4RKR near Kuala rompin, None OPEN",,,,
121,9M4RKR-L,146.625000,-,0.60000,Tone,118.8,88.5,023,NN,023,Tone->Tone,FM,5.0,,4.0W,"9M4RKR-L near Kuala rompin, None OPEN",,,,
122,9M4RCP,146.662500,-,0.60000,Tone,203.5,88.5,023,NN,023,Tone->Tone,FM,12.5,,4.0W,"9M4RCP near PAPAR, None OPEN",,,,
123,9M4RKT,146.712500,-,0.60000,Tone,88.5,88.5,023,NN,023,Tone->Tone,FM,12.5,,4.0W,"9M4RKT near Tawau - Kolej Vokasional Tawau, Sabah, None OPEN",,,,
124,9M4RTD,146.750000,-,0.60000,Tone,100.0,88.5,023,NN,023,Tone->Tone,FM,5.0,,4.0W,"9M4RTD near MARANG, None OPEN",,,,
125,9M4RBH,146.875000,-,1.85000,Tone,85.4,88.5,023,NN,023,Tone->Tone,FM,5.0,,4.0W,"9M4RBH near Bkt Palong, Baling, Kedah, None OPEN",,,,
126,9M4RKK,146.975000,-,0.60000,Tone,203.5,88.5,023,NN,023,Tone->Tone,FM,5.0,,4.0W,"9M4RKK near TUARAN, None OPEN",,,,
127,9M4RCF,147.612500,-,0.60000,Tone,103.5,88.5,023,NN,023,Tone->Tone,FM,12.5,,4.0W,"9M4RCF near Bukit Fraser, Pahang, None OPEN",,,,
128,9M4LBP,147.737500,-,0.70000,Tone,103.5,88.5,023,NN,023,Tone->Tone,FM,12.5,,4.0W,"9M4LBP near Bkt Tebuan, B Bharu, Kedah, None OPEN",,,,
129,9M4RPH-DMR,147.950000,-,0.60000,Tone,203.5,88.5,023,NN,023,Tone->Tone,DMR,5.0,,4.0W,"9M4RPH-DMR near Penang Hill, None OPEN",,,,
130,9M4RWR,434.925000,+,5.00000,,88.5,88.5,023,NN,023,Tone->Tone,FM,5.0,,4.0W,"9M4RWR near Raub - Benom Mountain, None OPEN",,,,
131,9M4RDM,434.975000,+,5.00000,,88.5,88.5,023,NN,023,Tone->Tone,FM,5.0,,4.0W,"9M4RDM near Kuantan - Teruntum Complex, None OPEN",,,,
132,9M4RZA,439.275000,-,5.00000,Tone,203.5,88.5,023,NN,023,Tone->Tone,FM,5.0,,4.0W,"9M4RZA near Gunung Jerai, None OPEN",,,,
133,9M4RSE,439.725000,-,5.00000,Tone,203.5,88.5,023,NN,023,Tone->Tone,DMR,5.0,,4.0W,"9M4RSE near Segamat - Bandar Segamat, None OPEN",,,,
134,9M4RPJ,439.750000,-,5.00000,Tone,103.5,88.5,023,NN,023,Tone->Tone,FM,5.0,,4.0W,"9M4RPJ near Shah Alam - MBSA, None OPEN",,,,
135,9M4RPJ-DMR,439.750000,-,5.00000,,88.5,88.5,023,NN,023,Tone->Tone,DMR,5.0,,4.0W,"9M4RPJ-DMR near Shah Alam, None OPEN",,,,
136,V CHANNEL,145.500000,,0.00000,,,,023,NN,023,Tone->Tone,FM,5.0,,5.0W,"",,,,
137,V16,145.200000,,0.00000,,,,023,NN,023,Tone->Tone,FM,5.0,,5.0W,"",,,,
138,V17,145.212500,,0.00000,,,,023,NN,023,Tone->Tone,FM,5.0,,5.0W,"",,,,
139,V18,145.225000,,0.00000,,,,023,NN,023,Tone->Tone,FM,5.0,,5.0W,"",,,,
140,V19,145.237500,,0.00000,,,,023,NN,023,Tone->Tone,FM,5.0,,5.0W,"",,,,
141,V20,145.250000,,0.00000,,,,023,NN,023,Tone->Tone,FM,5.0,,5.0W,"",,,,
142,V21,145.262500,,0.00000,,,,023,NN,023,Tone->Tone,FM,5.0,,5.0W,"",,,,
143,V22,145.275000,,0.00000,,,,023,NN,023,Tone->Tone,FM,5.0,,5.0W,"",,,,
144,V23,145.287500,,0.00000,,,,023,NN,023,Tone->Tone,FM,5.0,,5.0W,"",,,,
145,V24,145.300000,,0.00000,,,,023,NN,023,Tone->Tone,FM,5.0,,5.0W,"",,,,
146,V25,145.312500,,0.00000,,,,023,NN,023,Tone->Tone,FM,5.0,,5.0W,"",,,,
147,V26,145.325000,,0.00000,,,,023,NN,023,Tone->Tone,FM,5.0,,5.0W,"",,,,
148,V27,145.337500,,0.00000,,,,023,NN,023,Tone->Tone,FM,5.0,,5.0W,"",,,,
149,V28,145.350000,,0.00000,,,,023,NN,023,Tone->Tone,FM,5.0,,5.0W,"",,,,
150,V29,145.362500,,0.00000,,,,023,NN,023,Tone->Tone,FM,5.0,,5.0W,"",,,,
151,V30,145.375000,,0.00000,,,,023,NN,023,Tone->Tone,FM,5.0,,5.0W,"",,,,
152,V31,145.387500,,0.00000,,,,023,NN,023,Tone->Tone,FM,5.0,,5.0W,"",,,,
153,V32,145.400000,,0.00000,,,,023,NN,023,Tone->Tone,FM,5.0,,5.0W,"",,,,
154,V33,145.412500,,0.00000,,,,023,NN,023,Tone->Tone,FM,5.0,,5.0W,"",,,,
155,V34,145.425000,,0.00000,,,,023,NN,023,Tone->Tone,FM,5.0,,5.0W,"",,,,
156,V35,145.437500,,0.00000,,,,023,NN,023,Tone->Tone,FM,5.0,,5.0W,"",,,,
157,V36,145.450000,,0.00000,,,,023,NN,023,Tone->Tone,FM,5.0,,5.0W,"",,,,
158,V37,145.462500,,0.00000,,,,023,NN,023,Tone->Tone,FM,5.0,,5.0W,"",,,,
159,V38,145.475000,,0.00000,,,,023,NN,023,Tone->Tone,FM,5.0,,5.0W,"",,,,
160,V39,145.487500,,0.00000,,,,023,NN,023,Tone->Tone,FM,5.0,,5.0W,"",,,,
161,V40,145.500000,,0.00000,,,,023,NN,023,Tone->Tone,FM,5.0,,5.0W,"",,,,
162,V41,145.512500,,0.00000,,,,023,NN,023,Tone->Tone,FM,5.0,,5.0W,"",,,,
163,V42,145.525000,,0.00000,,,,023,NN,023,Tone->Tone,FM,5.0,,5.0W,"",,,,
164,V43,145.537500,,0.00000,,,,023,NN,023,Tone->Tone,FM,5.0,,5.0W,"",,,,
165,V44,145.550000,,0.00000,,,,023,NN,023,Tone->Tone,FM,5.0,,5.0W,"",,,,
166,V45,145.562500,,0.00000,,,,023,NN,023,Tone->Tone,FM,5.0,,5.0W,"",,,,
167,V46,145.575000,,0.00000,,,,023,NN,023,Tone->Tone,FM,5.0,,5.0W,"",,,,
168,V47,145.587500,,0.00000,,,,023,NN,023,Tone->Tone,FM,5.0,,5.0W,"",,,,
169,V48,146.400000,,0.00000,,,,023,NN,023,Tone->Tone,FM,5.0,,5.0W,"",,,,
170,V49,146.412500,,0.00000,,,,023,NN,023,Tone->Tone,FM,5.0,,5.0W,"",,,,
171,V50,146.425000,,0.00000,,,,023,NN,023,Tone->Tone,FM,5.0,,5.0W,"",,,,
172,V51,146.437500,,0.00000,,,,023,NN,023,Tone->Tone,FM,5.0,,5.0W,"",,,,
173,V52,146.450000,,0.00000,,,,023,NN,023,Tone->Tone,FM,5.0,,5.0W,"",,,,
174,V53,146.462500,,0.00000,,,,023,NN,023,Tone->Tone,FM,5.0,,5.0W,"",,,,
175,V54,146.475000,,0.00000,,,,023,NN,023,Tone->Tone,FM,5.0,,5.0W,"",,,,
176,V55,146.487500,,0.00000,,,,023,NN,023,Tone->Tone,FM,5.0,,5.0W,"",,,,
177,V56,146.500000,,0.00000,,,,023,NN,023,Tone->Tone,FM,5.0,,5.0W,"",,,,
178,V57,146.512500,,0.00000,,,,023,NN,023,Tone->Tone,FM,5.0,,5.0W,"",,,,
179,V58,146.525000,,0.00000,,,,023,NN,023,Tone->Tone,FM,5.0,,5.0W,"",,,,
180,V59,146.537500,,0.00000,,,,023,NN,023,Tone->Tone,FM,5.0,,5.0W,"",,,,
181,V60,146.550000,,0.00000,,,,023,NN,023,Tone->Tone,FM,5.0,,5.0W,"",,,,
182,V61,146.562500,,0.00000,,,,023,NN,023,Tone->Tone,FM,5.0,,5.0W,"",,,,
183,V62,146.575000,,0.00000,,,,023,NN,023,Tone->Tone,FM,5.0,,5.0W,"",,,,
184,V63,146.587500,,0.00000,,,,023,NN,023,Tone->Tone,FM,5.0,,5.0W,"",,,,
185,V64,147.435000,,0.00000,,,,023,NN,023,Tone->Tone,FM,5.0,,5.0W,"",,,,
186,V65,147.465000,,0.00000,,,,023,NN,023,Tone->Tone,FM,5.0,,5.0W,"",,,,
187,V66,147.495000,,0.00000,,,,023,NN,023,Tone->Tone,FM,5.0,,5.0W,"",,,,
188,V67,147.525000,,0.00000,,,,023,NN,023,Tone->Tone,FM,5.0,,5.0W,"",,,,
189,V68,147.555000,,0.00000,,,,023,NN,023,Tone->Tone,FM,5.0,,5.0W,"",,,,
190,V69,147.585000,,0.00000,,,,023,NN,023,Tone->Tone,FM,5.0,,5.0W,"",,,,
191,PMR CH1,446.006250,,0.00000,,,,023,NN,023,Tone->Tone,FM,5.0,,5.0W,"",,,,
192,PMR CH2,446.018750,,0.00000,,,,023,NN,023,Tone->Tone,FM,5.0,,5.0W,"",,,,
193,PMR CH3,446.031250,,0.00000,,,,023,NN,023,Tone->Tone,FM,5.0,,5.0W,"",,,,
194,PMR CH4,446.043750,,0.00000,,,,023,NN,023,Tone->Tone,FM,5.0,,5.0W,"",,,,
195,PMR CH5,446.056250,,0.00000,,,,023,NN,023,Tone->Tone,FM,5.0,,5.0W,"",,,,
196,PMR CH6,446.068750,,0.00000,,,,023,NN,023,Tone->Tone,FM,5.0,,5.0W,"",,,,
197,PMR CH7,446.081250,,0.00000,,,,023,NN,023,Tone->Tone,FM,5.0,,5.0W,"",,,,
198,PMR CH8,446.093750,,0.00000,,,,023,NN,023,Tone->Tone,FM,5.0,,5.0W,"",,,,
199,PMR CH9,446.106250,,0.00000,,,,023,NN,023,Tone->Tone,FM,5.0,,5.0W,"",,,,
200,PMR CH10,446.118750,,0.00000,,,,023,NN,023,Tone->Tone,FM,5.0,,5.0W,"",,,,
201,PMR CH11,446.131250,,0.00000,,,,023,NN,023,Tone->Tone,FM,5.0,,5.0W,"",,,,
202,PMR CH12,446.143750,,0.00000,,,,023,NN,023,Tone->Tone,FM,5.0,,5.0W,"",,,,
203,PMR CH13,446.156250,,0.00000,,,,023,NN,023,Tone->Tone,FM,5.0,,5.0W,"",,,,
204,PMR CH14,446.168750,,0.00000,,,,023,NN,023,Tone->Tone,FM,5.0,,5.0W,"",,,,
205,PMR CH15,446.181250,,0.00000,,,,023,NN,023,Tone->Tone,FM,5.0,,5.0W,"",,,,
206,PMR CH16,446.193750,,0.00000,,,,023,NN,023,Tone->Tone,FM,5.0,,5.0W,"",,,,
